{
  "cacheBootResources": true,
  "config": [ ],
  "debugBuild": false,
  "entryAssembly": "AdminBaker.Client",
  "icuDataMode": 0,
  "linkerEnabled": true,
  "resources": {
    "assembly": {
      "AdminBaker.Client.dll": "sha256-WvsMNxMWaraz85aZXfocpKtVBqN6972IpIKV8\/o53AY=",
      "AdminBaker.Shared.dll": "sha256-TOrSdGTz5QTw\/gxYHFjzeE6F5C32c8KHWJzhqVAuoDw=",
      "Blazored.LocalStorage.dll": "sha256-eXVgTw72kEn74FZgDQbLtvAmXbiZDSj5gzUnxVmwowQ=",
      "Blazored.SessionStorage.dll": "sha256-Y5WVl4GeKE4HMIAYngGySxcPse+7tZjlwyN0jaZSWS4=",
      "Blazored.Toast.dll": "sha256-6wGoA8FmxkQCTFIXEM+U+Y2kJJnSTJXRYwuByAUPWGU=",
      "Crc32.NET.dll": "sha256-PwvH2sa3Tr9cl85Y011hRX3ISRUCP2Jdvqy52EvdbiQ=",
      "CurrieTechnologies.Razor.SweetAlert2.dll": "sha256-jaHzMzp157atLBDyTfDX4LuHLGBZ1q\/5g\/2s83upTCk=",
      "ElCamino.PayPalCheckoutSdk.dll": "sha256-poUa2yuIBdMKo7O5aDR9cS6HxS3\/7smZoUgSZRqfFrY=",
      "ElCamino.PayPalHttp.dll": "sha256-6fjISHkIOhTRzA2Yuv5Eclmo9bmDYMDnUIBdJ4su0Vs=",
      "Microsoft.AspNetCore.Authorization.dll": "sha256-tKd4nFBhyuOZdJHMG0o2QRbbxa0p7Bnk97cMviOXcIg=",
      "Microsoft.AspNetCore.Components.Authorization.dll": "sha256-f6gFeIiXVemjA5q3KFz1eleKBeXmXxacj6U3lymuXFU=",
      "Microsoft.AspNetCore.Components.dll": "sha256-Vn9OPB69VTQ2G21Ndod6nLRO4QlaBi1ho1JeiSRI48Q=",
      "Microsoft.AspNetCore.Components.Forms.dll": "sha256-3j8dhKIT5U\/B+XY+MZ28EPqtHnvPfF0uT53cDb8sSqk=",
      "Microsoft.AspNetCore.Components.Web.dll": "sha256-8JGsDouTQwrNt\/32GwnsnL8bsMZF8yzUmvwrRvPBGRM=",
      "Microsoft.AspNetCore.Components.WebAssembly.dll": "sha256-OxB\/ZK1gsPQGpLqy7YUHqSj12QxLddd8fciIkklXqQ0=",
      "Microsoft.AspNetCore.Metadata.dll": "sha256-KGfdnW+DsG9ksvelqgmWExxrFZDKIS3CqztbTjApsTk=",
      "Microsoft.AspNetCore.WebUtilities.dll": "sha256-D5akJeBd7NNITuzAXxlX7zl2jfsc4uTKyeEKwwNhqoo=",
      "Microsoft.CSharp.dll": "sha256-lo7hzl4FmwVVxX66nAFigBct6GBACm+4BXjKbnQeJEI=",
      "Microsoft.Extensions.Configuration.Abstractions.dll": "sha256-X\/f4fDl2cuIRXeWHhK\/f2UqQbFioD+RU4a4CEh0zrrQ=",
      "Microsoft.Extensions.Configuration.dll": "sha256-DBOKSPriP2JDxVbbWrLXyD3K4\/x3RBifNBWk\/q1I39M=",
      "Microsoft.Extensions.Configuration.Json.dll": "sha256-Q5AqJneA2TZnzC0IYzBx6j\/tHRhWAeMbpH3BsV7KgWg=",
      "Microsoft.Extensions.DependencyInjection.Abstractions.dll": "sha256-+M8qkEiDwzJnPxLxYI8ZUgbi5rTSpA8rnrmDlXiMy2o=",
      "Microsoft.Extensions.DependencyInjection.dll": "sha256-qi0kE7rp0kdsNqdL6DyPZEeimjUGvcLT4iWQX0YnRus=",
      "Microsoft.Extensions.Logging.Abstractions.dll": "sha256-YkGy2rvGh1KbERVSWktdAXUbJE0Eu4sdHXqcgMBlv3I=",
      "Microsoft.Extensions.Logging.dll": "sha256-RJE660TEC1wm3MyL1EXQfTQB1qK+JWy1efVUxI8nNUo=",
      "Microsoft.Extensions.Options.dll": "sha256-UTFrN90JtZaTuEqYMF5zy8TKmYWW6g3yeMl8irLwTkg=",
      "Microsoft.Extensions.Primitives.dll": "sha256-Kw++T\/Wciba4nrSY8KRs+L5z+Y1U5HSBVSQjwAXnvK8=",
      "Microsoft.IdentityModel.Abstractions.dll": "sha256-X\/75umKklMqsoqcLektU92OeQrJnAP1LZ5kzqDjVWws=",
      "Microsoft.IdentityModel.JsonWebTokens.dll": "sha256-qo7OOMI\/xLIeiWhsAasQom64Cu+BvOcfMGosaXh6kQk=",
      "Microsoft.IdentityModel.Logging.dll": "sha256-ADasKXBqmhrhXvmslBrpsFjFUYJ1cT8VQA2rq7t18SY=",
      "Microsoft.IdentityModel.Tokens.dll": "sha256-9OGuYiPHYZdW5w9eLCGwLZwYN1A3SCj6h\/DY6wZC4lQ=",
      "Microsoft.JSInterop.dll": "sha256-U5fw2Z47dgrKMo4CZhOElU5whQT0IM\/k+swda+UuE98=",
      "Microsoft.JSInterop.WebAssembly.dll": "sha256-Fibw4jtnMD0se9VIfLv5hPcrbAm7ipCW+RN8CfPIDkY=",
      "Microsoft.Net.Http.Headers.dll": "sha256-P66ftDrXwc6ayND8uYzIk0CPQy1GjNZAPHx9RMhi3V4=",
      "netstandard.dll": "sha256-b0VyAFno1Y6zIYIFid0WDpLFK0F1PjwgJLRAsFMReq0=",
      "PSC.Blazor.Components.Chartjs.dll": "sha256-HyslaT0CAym0T9pDEKSKFE0zvo9ll5OHx7PqSmqrQbw=",
      "System.Buffers.dll": "sha256-fjrA3tcHo1EqwJnxD\/XhijQsWZjw85DuPN9rwRLG9VA=",
      "System.Collections.Concurrent.dll": "sha256-dxeUDEZfOvZ6Kse77i2eUeS1onUYM7U+CKLD40cmNW0=",
      "System.Collections.dll": "sha256-lgXmGdpD13dXKIel3MPOdIz0NXtf4LfcrNAvA+jtCQE=",
      "System.Collections.NonGeneric.dll": "sha256-xGKBjzeikq\/awFRH8S3rq3LJXOoc0gm88z8Y8K1xmo0=",
      "System.Collections.Specialized.dll": "sha256-cJCoTyJoHdseRmRN6L9DsC6k8+O1LwfdvHmYPw8EOs0=",
      "System.ComponentModel.Annotations.dll": "sha256-SWQ7mY+06curjEsb9vFyUfvgLhl6kfw0szYXb+XkPTo=",
      "System.ComponentModel.dll": "sha256-8UFHnr9GFryI5JbsLVZGbakZ8aTEAVkhkWVkgr4PWrY=",
      "System.ComponentModel.Primitives.dll": "sha256-KCTkmq6xi\/+f8bWHvdY0sSnP1ppUTCJWzNGniEg+yf8=",
      "System.ComponentModel.TypeConverter.dll": "sha256-+Q\/LtrLjDiGyfV\/TiKFNf1EANKi2hrPJbjA\/mdEc5b0=",
      "System.Console.dll": "sha256-n7MR82\/tGXyPe\/SG5OEI0H4klO3C3lpod5j4Lf\/tt+g=",
      "System.Data.Common.dll": "sha256-HQnIxJhprsbsbq1yhfi\/q\/QoH1Jh2LNGWjFdXjjL8FE=",
      "System.Diagnostics.TraceSource.dll": "sha256-GUPcFEPZ3PLEiOhyYujlxLiHifPCv22hoI+BY7ZUsOs=",
      "System.dll": "sha256-Dk7xQ4Zqn\/2wU4QbDAhlgPpc7jA2D1YoJQJI6arod9g=",
      "System.Drawing.dll": "sha256-wLiIEkOflIX+Z5xloiAAhwCMWIrpSGCIFzyyI\/zZvO8=",
      "System.Drawing.Primitives.dll": "sha256-6P4kjpL9wL\/msZlS8B7XERQqikbwFAQczMLtWbDvG8s=",
      "System.Formats.Asn1.dll": "sha256-iIPaBvFG+vckpXcrM8h5O008jye0w4\/Lv7PLwtE6Pd4=",
      "System.IdentityModel.Tokens.Jwt.dll": "sha256-EjSdl84QU0nrFlUzXKxmgEY5U18HEyLNDFBwjVdaFrk=",
      "System.IO.Compression.dll": "sha256-GRT04vjqk4jus6FjarndUkW9ntxL85F5jTX10w5mkQo=",
      "System.Linq.dll": "sha256-CuSyomMAzQgWBeszH+fK94eBcv0+PG6YbsC6ZFR2nJY=",
      "System.Linq.Expressions.dll": "sha256-1tletdrhGKGdpNVFvFJM0UtscFRazt2se1Jej2dZK0s=",
      "System.Memory.dll": "sha256-cKsdOszJB\/\/+O73CcmkDzH9R26epcchkUc86saThs3A=",
      "System.Net.Http.dll": "sha256-tm4iXlNfYNOWFrlU9xHt68ZXdVIi3sziR0IouRMRIQo=",
      "System.Net.Http.Json.dll": "sha256-k9xxieQioIyvBx8LMv5OsEobJ+rbbsQreB8tOIrlaK0=",
      "System.Net.Primitives.dll": "sha256-zrVQjXh8wAhVDLYNiJ7of7UD+VLRboiF1RKuAK8aI2U=",
      "System.ObjectModel.dll": "sha256-zBR1kJxIm5kOuT7NugoE8TnoStFOCo+xFipOejjr804=",
      "System.Private.CoreLib.dll": "sha256-QPcm6LPb2Qkd0F3kL\/r27AePE43e8hLLrLL7bjJiMmc=",
      "System.Private.DataContractSerialization.dll": "sha256-2WnNfmpy0ldgEj8Om+sd3UFprgjUeYj22kJ92J8I2vU=",
      "System.Private.Uri.dll": "sha256-kiRN80N3gPrW\/tclv6NNv5E3TE+HTBeOAntApW3\/7Mw=",
      "System.Private.Xml.dll": "sha256-qoymQKUCPOttJeTrSs4tVwOvqwOBPQre2gyF4QyP8Eg=",
      "System.Private.Xml.Linq.dll": "sha256-RK9pO6hzVWIGtr9gyuszntd3bmdsoNSJIqyMEVizRzg=",
      "System.Reflection.Emit.ILGeneration.dll": "sha256-7+8VYn\/1ftvdIefU+XJhjMw6S2mJuoDN4OBjfSWZKMk=",
      "System.Reflection.Emit.Lightweight.dll": "sha256-aYsPa6L0owDTtN5B9rDgvA\/AsP5tx4+pAgjv4CEk1YA=",
      "System.Reflection.Primitives.dll": "sha256-hxfFX3tiD+nLIJJ3LYXXEjTgy7SB3NYfDDZWewoigfc=",
      "System.Runtime.dll": "sha256-GGDZruMrQ1QevNAhxvpJy9osh3ew9cGYzXaex3e9gkQ=",
      "System.Runtime.InteropServices.dll": "sha256-O16lFLT3lljrw26KVuirH0my7yuzrd9Wl79GrW8jgEE=",
      "System.Runtime.InteropServices.JavaScript.dll": "sha256-u10hAlb7oIMi8jTcvm3+FDAtGc9QcEDfozYFXN5Tco0=",
      "System.Runtime.Numerics.dll": "sha256-DEq2xiKZhdoWoTEt+dOIdIxdyTLSLICBhgTQxW89fm8=",
      "System.Runtime.Serialization.Formatters.dll": "sha256-XvFxsSV8VhaROP9QTW2OTy1C3M4e4aRrIhpljWjzPp4=",
      "System.Runtime.Serialization.Json.dll": "sha256-zy5bmu4CwR\/g\/0mKzxv5QAhZdSFwBv9rPhjxHeyF4cM=",
      "System.Runtime.Serialization.Primitives.dll": "sha256-Jm7l+G32XpzquZxYi0C2ShGHsvYp3AfCfvHA0GMn+LM=",
      "System.Runtime.Serialization.Xml.dll": "sha256-+48GU1vElFfkO7w\/eqjYyWYJlTfAb1I6RTqfe2JGId0=",
      "System.Security.Claims.dll": "sha256-PWcbnntZcrIiQ8e07MIAvAXASUYIJiAB0ukbRWUuSyE=",
      "System.Security.Cryptography.Algorithms.dll": "sha256-AqaWpgbA48OkeQU+L+ayEWJIsZq5eXnrGVaOD0XYru4=",
      "System.Security.Cryptography.Cng.dll": "sha256-HB8enFwtHJVSmdxzA+omFMDWzzWcP4JQUBMdAOhFQgw=",
      "System.Security.Cryptography.Csp.dll": "sha256-OVHqji2ysBXZj9\/UaWI0AK9KVRV5v0HlIHKMbEQTkRY=",
      "System.Security.Cryptography.dll": "sha256-r9r4LS2zl5xOLIO9EKb1YS34B9GptdkFpUcBU8vl6lc=",
      "System.Security.Cryptography.Encoding.dll": "sha256-Viy5lMIYXbvRMWHtqXL\/UZZddazrnDdGhUZnozO3lKQ=",
      "System.Security.Cryptography.Primitives.dll": "sha256-k7s70pgiWN7SZv8LzbAmNuwXIkxtm\/Q42mRYq2dN758=",
      "System.Security.Cryptography.X509Certificates.dll": "sha256-SaeA2VladWheJJ944mxUHabVhR8VHizestxRcXkkPWg=",
      "System.Text.Encoding.Extensions.dll": "sha256-hr0ntnx+eBM2yBbXJwlUlflIsZeqeHKc0+iEMsDboPM=",
      "System.Text.Encodings.Web.dll": "sha256-Tv4VzhLr0xPGE1pA3xq+lF9FSSNppe0rzD5SxaD\/97Q=",
      "System.Text.Json.dll": "sha256-uGFXet3b4UZCHvWIAgVpx8EBNdS8el06uoKjlWURtOA=",
      "System.Text.RegularExpressions.dll": "sha256-oCrtcLYGTxODZtlgGY8Pj\/BKQA7RTmroy37mFOHX14w=",
      "System.Threading.dll": "sha256-YIdCvuf5DUvQiA1RJ6sPm3iSKVG4RsaIQuKCEHJPi\/M=",
      "System.Threading.Thread.dll": "sha256-j6bM+ZxEAA+vPN6hOhfrcdKuI6N5T6BYeFc4jb\/pOK0=",
      "System.Xml.Linq.dll": "sha256-KzhMl+MY5MRvnujXW8ue8W2hWKrpBTy2RyyZz2FQeHo=",
      "System.Xml.ReaderWriter.dll": "sha256-M74bWEnmzpjnWQAlK8zOYEgRhq59RNejxhepUn71Dbk=",
      "System.Xml.XDocument.dll": "sha256-9rhbY2LJL\/uwj4OLNgeaLrOWiCmatm1AbMJhDcWcajo="
    },
    "extensions": null,
    "lazyAssembly": null,
    "libraryInitializers": null,
    "pdb": null,
    "runtime": {
      "dotnet.7.0.10.vrsxakulcf.js": "sha256-7M9qnMTcV\/7PUYDz56ULdN5vnYGGRGK6efYVOvip7MQ=",
      "dotnet.timezones.blat": "sha256-pf9chcB37Cf13KuuvScsozomnAUanMeCfvDr9Wqofh8=",
      "dotnet.wasm": "sha256-6YyhQ8C6RBZrqmA2iTJ+xshPK0ydCzgew6hCtBbxA7w=",
      "icudt.dat": "sha256-tO5O5YzMTVSaKBboxAqezOQL9ewmupzV2JrB5Rkc8a4=",
      "icudt_CJK.dat": "sha256-SZLtQnRc0JkwqHab0VUVP7T3uBPSeYzxzDnpxPpUnHk=",
      "icudt_EFIGS.dat": "sha256-8fItetYY8kQ0ww6oxwTLiT3oXlBwHKumbeP2pRF4yTc=",
      "icudt_no_CJK.dat": "sha256-L7sV7NEYP37\/Qr2FPCePo5cJqRgTXRwGHuwF5Q+0Nfs="
    },
    "runtimeAssets": {
      "dotnet.wasm": {
        "behavior": "dotnetwasm",
        "hash": "sha256-6YyhQ8C6RBZrqmA2iTJ+xshPK0ydCzgew6hCtBbxA7w="
      }
    },
    "satelliteResources": null
  }
}